"ANO","NIVEL","CODMUNRES","IDHM_A","IDHM_CA","IDHM_CA_M","IDHM_CA_F"
2010,"MUNICIPIO",1500107,"0,628","0,628","0,612","0,678"
2010,"MUNICIPIO",1500131,"0,622","0,622","0,612","0,678"
2010,"MUNICIPIO",1500206,"0,506","0,506","0,612","0,678"
2010,"MUNICIPIO",1500305,"0,489","0,489","0,612","0,678"
2010,"MUNICIPIO",1500347,"0,564","0,564","0,612","0,678"
2010,"MUNICIPIO",1500404,"0,564","0,564","0,612","0,678"
2010,"MUNICIPIO",1500503,"0,642","0,642","0,612","0,678"
2010,"MUNICIPIO",1500602,"0,665","0,665","0,612","0,678"
2010,"MUNICIPIO",1500701,"0,484","0,484","0,612","0,678"
2010,"MUNICIPIO",1500800,"0,718","0,718","0,612","0,678"
2010,"MUNICIPIO",1500859,"0,548","0,548","0,612","0,678"
2010,"MUNICIPIO",1500909,"0,52","0,52","0,612","0,678"
2010,"MUNICIPIO",1500958,"0,519","0,519","0,612","0,678"
2010,"MUNICIPIO",1501006,"0,541","0,541","0,612","0,678"
2010,"MUNICIPIO",1501105,"0,471","0,471","0,612","0,678"
2010,"MUNICIPIO",1501204,"0,578","0,578","0,612","0,678"
2010,"MUNICIPIO",1501253,"0,594","0,594","0,612","0,678"
2010,"MUNICIPIO",1501303,"0,662","0,662","0,612","0,678"
2010,"MUNICIPIO",1501402,"0,593","0,593","0,612","0,678"
2010,"MUNICIPIO",1501402,"0,592","0,592","0,612","0,678"
2010,"MUNICIPIO",1501402,"0,746","0,746","0,612","0,678"
2010,"MUNICIPIO",1501451,"0,588","0,588","0,612","0,678"
2010,"MUNICIPIO",1501501,"0,665","0,665","0,612","0,678"
2010,"MUNICIPIO",1501576,"0,589","0,589","0,612","0,678"
2010,"MUNICIPIO",1501576,"0,66","0,66","0,612","0,678"
2010,"MUNICIPIO",1501600,"0,561","0,561","0,612","0,678"
2010,"MUNICIPIO",1501600,"0,67","0,67","0,612","0,678"
2010,"MUNICIPIO",1501600,"0,561","0,561","0,612","0,678"
2010,"MUNICIPIO",1501600,"0,546","0,546","0,612","0,678"
2010,"MUNICIPIO",1501709,"0,6","0,6","0,612","0,678"
2010,"MUNICIPIO",1501725,"0,613","0,613","0,612","0,678"
2010,"MUNICIPIO",1501758,"0,591","0,591","0,612","0,678"
2010,"MUNICIPIO",1501782,"0,568","0,568","0,612","0,678"
2010,"MUNICIPIO",1501808,"0,503","0,503","0,612","0,678"
2010,"MUNICIPIO",1501907,"0,552","0,552","0,612","0,678"
2010,"MUNICIPIO",1502004,"0,546","0,546","0,612","0,678"
2010,"MUNICIPIO",1501956,"0,473","0,473","0,612","0,678"
2010,"MUNICIPIO",1502103,"0,577","0,577","0,612","0,678"
2010,"MUNICIPIO",1502152,"0,673","0,673","0,612","0,678"
2010,"MUNICIPIO",1502202,"0,706","0,706","0,612","0,678"
2010,"MUNICIPIO",1502202,"0,655","0,655","0,612","0,678"
2010,"MUNICIPIO",1502301,"0,548","0,548","0,612","0,678"
2010,"MUNICIPIO",1502400,"0,673","0,673","0,612","0,678"
2010,"MUNICIPIO",1502509,"0,453","0,453","0,612","0,678"
2010,"MUNICIPIO",1502608,"0,602","0,602","0,612","0,678"
2010,"MUNICIPIO",1502707,"0,64","0,64","0,612","0,678"
2010,"MUNICIPIO",1502756,"0,566","0,566","0,612","0,678"
2010,"MUNICIPIO",1502764,"0,55","0,55","0,612","0,678"
2010,"MUNICIPIO",1502772,"0,636","0,636","0,612","0,678"
2010,"MUNICIPIO",1502806,"0,502","0,502","0,612","0,678"
2010,"MUNICIPIO",1502855,"0,578","0,578","0,612","0,678"
2010,"MUNICIPIO",1502905,"0,582","0,582","0,612","0,678"
2010,"MUNICIPIO",1502939,"0,615","0,615","0,612","0,678"
2010,"MUNICIPIO",1502954,"0,56","0,56","0,612","0,678"
2010,"MUNICIPIO",1503002,"0,563","0,563","0,612","0,678"
2010,"MUNICIPIO",1503044,"0,583","0,583","0,612","0,678"
2010,"MUNICIPIO",1503077,"0,526","0,526","0,612","0,678"
2010,"MUNICIPIO",1503093,"0,56","0,56","0,612","0,678"
2010,"MUNICIPIO",1503101,"0,509","0,509","0,612","0,678"
2010,"MUNICIPIO",1503200,"0,595","0,595","0,612","0,678"
2010,"MUNICIPIO",1503309,"0,547","0,547","0,612","0,678"
2010,"MUNICIPIO",1503408,"0,572","0,572","0,612","0,678"
2010,"MUNICIPIO",1503457,"0,489","0,489","0,612","0,678"
2010,"MUNICIPIO",1503507,"0,559","0,559","0,612","0,678"
2010,"MUNICIPIO",1503606,"0,64","0,64","0,612","0,678"
2010,"MUNICIPIO",1503705,"0,528","0,528","0,612","0,678"
2010,"MUNICIPIO",1503754,"0,505","0,505","0,612","0,678"
2010,"MUNICIPIO",1503804,"0,622","0,622","0,612","0,678"
2010,"MUNICIPIO",1503903,"0,592","0,592","0,612","0,678"
2010,"MUNICIPIO",1504000,"0,541","0,541","0,612","0,678"
2010,"MUNICIPIO",1504059,"0,599","0,599","0,612","0,678"
2010,"MUNICIPIO",1504109,"0,597","0,597","0,612","0,678"
2010,"MUNICIPIO",1504208,"0,668","0,668","0,612","0,678"
2010,"MUNICIPIO",1504307,"0,57","0,57","0,612","0,678"
2010,"MUNICIPIO",1504406,"0,609","0,609","0,612","0,678"
2010,"MUNICIPIO",1504422,"0,676","0,676","0,612","0,678"
2010,"MUNICIPIO",1504455,"0,582","0,582","0,612","0,678"
2010,"MUNICIPIO",1504505,"0,418","0,418","0,612","0,678"
2010,"MUNICIPIO",1504604,"0,575","0,575","0,612","0,678"
2010,"MUNICIPIO",NA,NA,NA,"0,612","0,678"
2010,"MUNICIPIO",1504703,"0,547","0,547","0,612","0,678"
2010,"MUNICIPIO",1504802,"0,589","0,589","0,612","0,678"
2010,"MUNICIPIO",1504802,"0,609","0,609","0,612","0,678"
2010,"MUNICIPIO",1504901,"0,547","0,547","0,612","0,678"
2010,"MUNICIPIO",1504950,"0,502","0,502","0,612","0,678"
2010,"MUNICIPIO",1504976,"0,581","0,581","0,612","0,678"
2010,"MUNICIPIO",1505007,"0,609","0,609","0,612","0,678"
2010,"MUNICIPIO",1505031,"0,673","0,673","0,612","0,678"
2010,"MUNICIPIO",1505064,"0,537","0,537","0,612","0,678"
2010,"MUNICIPIO",1505106,"0,594","0,594","0,612","0,678"
2010,"MUNICIPIO",1505205,"0,507","0,507","0,612","0,678"
2010,"MUNICIPIO",1505304,"0,623","0,623","0,612","0,678"
2010,"MUNICIPIO",1505403,"0,568","0,568","0,612","0,678"
2010,"MUNICIPIO",1505437,"0,624","0,624","0,612","0,678"
2010,"MUNICIPIO",1505486,"0,515","0,515","0,612","0,678"
2010,"MUNICIPIO",1505494,"0,589","0,589","0,612","0,678"
2010,"MUNICIPIO",1505502,"0,645","0,645","0,612","0,678"
2010,"MUNICIPIO",1505536,"0,715","0,715","0,612","0,678"
2010,"MUNICIPIO",1505551,"0,574","0,574","0,612","0,678"
2010,"MUNICIPIO",1505551,"0,661","0,661","0,612","0,678"
2010,"MUNICIPIO",1505601,"0,581","0,581","0,612","0,678"
2010,"MUNICIPIO",1505635,"0,563","0,563","0,612","0,678"
2010,"MUNICIPIO",1505650,"0,552","0,552","0,612","0,678"
2010,"MUNICIPIO",1505700,"0,562","0,562","0,612","0,678"
2010,"MUNICIPIO",1505809,"0,483","0,483","0,612","0,678"
2010,"MUNICIPIO",1505908,"0,503","0,503","0,612","0,678"
2010,"MUNICIPIO",1506005,"0,523","0,523","0,612","0,678"
2010,"MUNICIPIO",1506104,"0,577","0,577","0,612","0,678"
2010,"MUNICIPIO",1506104,"0,58","0,58","0,612","0,678"
2010,"MUNICIPIO",1506112,"0,543","0,543","0,612","0,678"
2010,"MUNICIPIO",1506138,"0,626","0,626","0,612","0,678"
2010,"MUNICIPIO",1506138,"0,672","0,672","0,612","0,678"
2010,"MUNICIPIO",1506161,"0,638","0,638","0,612","0,678"
2010,"MUNICIPIO",1506187,"0,602","0,602","0,612","0,678"
2010,"MUNICIPIO",1506195,"0,548","0,548","0,612","0,678"
2010,"MUNICIPIO",1506203,"0,647","0,647","0,612","0,678"
2010,"MUNICIPIO",1506302,"0,608","0,608","0,612","0,678"
2010,"MUNICIPIO",1506351,"0,627","0,627","0,612","0,678"
2010,"MUNICIPIO",1506401,"0,557","0,557","0,612","0,678"
2010,"MUNICIPIO",1506500,"0,659","0,659","0,612","0,678"
2010,"MUNICIPIO",1506559,"0,546","0,546","0,612","0,678"
2010,"MUNICIPIO",1506583,"0,544","0,544","0,612","0,678"
2010,"MUNICIPIO",1506609,"0,598","0,598","0,612","0,678"
2010,"MUNICIPIO",1506708,"0,602","0,602","0,612","0,678"
2010,"MUNICIPIO",1506807,"0,691","0,691","0,612","0,678"
2010,"MUNICIPIO",1506807,"0,622","0,622","0,612","0,678"
2010,"MUNICIPIO",1506906,"0,587","0,587","0,612","0,678"
2010,"MUNICIPIO",1507003,"0,632","0,632","0,612","0,678"
2010,"MUNICIPIO",1507102,"0,585","0,585","0,612","0,678"
2010,"MUNICIPIO",1507151,"0,594","0,594","0,612","0,678"
2010,"MUNICIPIO",1507201,"0,532","0,532","0,612","0,678"
2010,"MUNICIPIO",1507300,"0,594","0,594","0,612","0,678"
2010,"MUNICIPIO",1507409,"0,608","0,608","0,612","0,678"
2010,"MUNICIPIO",1507458,"0,595","0,595","0,612","0,678"
2010,"MUNICIPIO",1507466,"0,583","0,583","0,612","0,678"
2010,"MUNICIPIO",1507474,"0,539","0,539","0,612","0,678"
2010,"MUNICIPIO",1507508,"0,55","0,55","0,612","0,678"
2010,"MUNICIPIO",1507607,"0,591","0,591","0,612","0,678"
2010,"MUNICIPIO",1507706,"0,558","0,558","0,612","0,678"
2010,"MUNICIPIO",1507755,"0,59","0,59","0,612","0,678"
2010,"MUNICIPIO",1507755,"0,675","0,675","0,612","0,678"
2010,"MUNICIPIO",1507805,"0,514","0,514","0,612","0,678"
2010,"MUNICIPIO",1507904,"0,615","0,615","0,612","0,678"
2010,"MUNICIPIO",1507953,"0,588","0,588","0,612","0,678"
2010,"MUNICIPIO",1507961,"0,605","0,605","0,612","0,678"
2010,"MUNICIPIO",1507979,"0,635","0,635","0,612","0,678"
2010,"MUNICIPIO",1508001,"0,586","0,586","0,612","0,678"
2010,"MUNICIPIO",1508035,"0,531","0,531","0,612","0,678"
2010,"MUNICIPIO",1508050,"0,562","0,562","0,612","0,678"
2010,"MUNICIPIO",1508084,"0,659","0,659","0,612","0,678"
2010,"MUNICIPIO",1508100,"0,666","0,666","0,612","0,678"
2010,"MUNICIPIO",1508126,"0,604","0,604","0,612","0,678"
2010,"MUNICIPIO",1508159,"0,589","0,589","0,612","0,678"
2010,"MUNICIPIO",1508209,"0,617","0,617","0,612","0,678"
2010,"MUNICIPIO",1508308,"0,515","0,515","0,612","0,678"
2010,"MUNICIPIO",1508357,"0,596","0,596","0,612","0,678"
2010,"MUNICIPIO",1508407,"0,646","0,646","0,612","0,678"
