"ANO","NIVEL","CODMUNRES","POPRE_T","POPRC_T","POPRC_M","POPRC_F","POPRC_15","POPRC_15_49","POPRC_50","POPRC_F_15","POPRC_F_15_49","POPRC_F_50"
2015,"UF","15",8175113,7581051,3821837,3759214,2354401,4164279,1062371,1155587,2068485,535142
2015,"MUNICIPIO","150010",150431,141100,71630,69470,43357,78582,19161,21353,38398,9719
2015,"MUNICIPIO","150013",7126,6780,3533,3247,2123,3663,994,1027,1764,456
2015,"MUNICIPIO","150020",54064,53569,28115,25454,19368,27548,6653,9317,13015,3122
2015,"MUNICIPIO","150030",37398,35042,18453,16589,14493,16923,3626,7122,7813,1654
2015,"MUNICIPIO","150034",26305,25057,13618,11439,6912,15486,2659,3323,7057,1059
2015,"MUNICIPIO","150040",54662,52626,27030,25596,19772,25162,7692,9716,12182,3698
2015,"MUNICIPIO","150050",33372,33614,17468,16146,11860,17707,4047,5893,8478,1775
2015,"MUNICIPIO","150060",108382,99075,49819,49256,30291,55346,13438,14982,27828,6446
2015,"MUNICIPIO","150070",27540,24759,12957,11802,10746,11680,2333,5247,5488,1067
2015,"MUNICIPIO","150080",505404,471980,226635,245345,122784,280467,68729,60421,147065,37859
2015,"MUNICIPIO","150085",25414,20543,10992,9551,7357,10762,2424,3560,5036,955
2015,"MUNICIPIO","150090",43700,40497,20989,19508,15347,19835,5315,7602,9353,2553
2015,"MUNICIPIO","150095",29492,26546,13620,12926,9162,13954,3430,4574,6788,1564
2015,"MUNICIPIO","150100",15953,15849,8367,7482,6300,7304,2245,3064,3401,1017
2015,"MUNICIPIO","150110",28292,23864,12135,11729,10240,11527,2097,5105,5651,973
2015,"MUNICIPIO","150120",43757,36882,19446,17436,12948,19375,4559,6268,9080,2088
2015,"MUNICIPIO","150125",3267,3431,1847,1584,1051,1822,558,515,838,231
2015,"MUNICIPIO","150130",115779,99859,50346,49513,31933,56322,11604,15702,28168,5643
2015,"MUNICIPIO","150140",1439561,1393399,659008,734391,324777,813107,255515,159706,428290,146395
2015,"MUNICIPIO","150145",17036,16318,8481,7837,5670,7888,2760,2724,3773,1340
2015,"MUNICIPIO","150150",58637,51651,25815,25836,15279,29398,6974,7479,14783,3574
2015,"MUNICIPIO","150157",16227,15298,8051,7247,4724,8177,2397,2344,3835,1068
2015,"MUNICIPIO","150160",15282,13630,7114,6516,4414,7455,1761,2147,3546,823
2015,"MUNICIPIO","150170",121528,113227,57291,55936,36635,60282,16310,17977,29787,8172
2015,"MUNICIPIO","150172",14984,15690,8314,7376,4737,8515,2438,2302,3991,1083
2015,"MUNICIPIO","150175",7232,7317,3832,3485,2362,3808,1147,1118,1839,528
2015,"MUNICIPIO","150178",61222,52493,27085,25408,18951,27293,6249,9406,13229,2773
2015,"MUNICIPIO","150180",98231,92860,47788,45072,37862,44545,10453,18553,21432,5087
2015,"MUNICIPIO","150190",27689,25695,13335,12360,9409,12975,3311,4582,6216,1562
2015,"MUNICIPIO","150195",31300,26484,13720,12764,10624,13409,2451,5307,6403,1054
2015,"MUNICIPIO","150200",22449,20443,10545,9898,6716,10768,2959,3268,5135,1495
2015,"MUNICIPIO","150210",130868,120896,62016,58880,43027,61649,16220,21025,29613,8242
2015,"MUNICIPIO","150215",33632,26716,13585,13131,8582,15405,2729,4288,7640,1203
2015,"MUNICIPIO","150220",66353,63639,31494,32145,18050,35120,10469,8750,17932,5463
2015,"MUNICIPIO","150230",52693,51893,26621,25272,17115,27629,7149,8429,13420,3423
2015,"MUNICIPIO","150240",189784,173149,84476,88673,48898,99976,24275,24156,51517,13000
2015,"MUNICIPIO","150250",22566,21005,11180,9825,8343,10141,2521,4067,4613,1145
2015,"MUNICIPIO","150260",11682,11381,5879,5502,3681,5717,1983,1776,2746,980
2015,"MUNICIPIO","150270",46395,45557,23309,22248,13716,23754,8087,6614,11759,3875
2015,"MUNICIPIO","150275",31352,28216,14590,13626,9857,14915,3444,4715,7253,1658
2015,"MUNICIPIO","150276",12423,10466,6081,4385,3259,5914,1293,1606,2418,361
2015,"MUNICIPIO","150277",17709,18288,9666,8622,5733,9234,3321,2789,4536,1297
2015,"MUNICIPIO","150280",32248,28549,15059,13490,12185,13549,2815,5888,6299,1303
2015,"MUNICIPIO","150285",13562,12254,6456,5798,4825,5933,1496,2374,2740,684
2015,"MUNICIPIO","150290",37800,34294,17568,16726,10989,17239,6066,5497,8210,3019
2015,"MUNICIPIO","150293",56398,51319,26624,24695,16899,28768,5652,8177,13853,2665
2015,"MUNICIPIO","150295",32664,31786,16814,14972,11062,16434,4290,5340,7849,1783
2015,"MUNICIPIO","150300",7333,8177,4240,3937,3107,3955,1115,1525,1877,535
2015,"MUNICIPIO","150304",19261,17768,9551,8217,5702,9559,2507,2739,4459,1019
2015,"MUNICIPIO","150307",25326,25034,13107,11927,9135,12797,3102,4478,6018,1431
2015,"MUNICIPIO","150309",37975,30436,15750,14686,10015,16872,3549,5006,8123,1557
2015,"MUNICIPIO","150310",31623,29062,15400,13662,11843,14086,3133,5681,6512,1469
2015,"MUNICIPIO","150320",37333,35887,18117,17770,10787,19246,5854,5254,9554,2962
2015,"MUNICIPIO","150330",60343,58077,29674,28403,19646,30585,7846,9626,14842,3935
2015,"MUNICIPIO","150340",11053,10037,5170,4867,3164,5329,1544,1532,2582,753
2015,"MUNICIPIO","150345",58558,51309,26904,24405,17957,28475,4877,8689,13623,2093
2015,"MUNICIPIO","150350",31654,31364,16261,15103,10707,15703,4954,5193,7443,2467
2015,"MUNICIPIO","150360",98446,97493,49681,47812,30810,53625,13058,15319,26350,6143
2015,"MUNICIPIO","150370",51775,51220,27026,24194,18248,25951,7021,8793,12390,3011
2015,"MUNICIPIO","150375",9677,14103,8037,6066,4807,7793,1503,2292,3271,503
2015,"MUNICIPIO","150380",56006,51360,25769,25591,15899,29316,6145,7992,14631,2968
2015,"MUNICIPIO","150390",53989,47086,24578,22508,18727,22879,5480,9236,10672,2600
2015,"MUNICIPIO","150400",27368,25021,13115,11906,9509,12755,2757,4620,5920,1366
2015,"MUNICIPIO","150405",28959,27904,13740,14164,8987,14869,4048,4481,7632,2051
2015,"MUNICIPIO","150410",8279,8115,4258,3857,2688,3952,1475,1289,1851,717
2015,"MUNICIPIO","150420",262085,233669,118196,115473,73513,132519,27637,36271,65997,13205
2015,"MUNICIPIO","150430",28656,28376,14699,13677,9580,13843,4953,4761,6550,2366
2015,"MUNICIPIO","150440",27368,26605,13884,12721,8337,13222,5046,3984,6272,2465
2015,"MUNICIPIO","150442",122916,108246,53884,54362,31140,64462,12644,15094,32838,6430
2015,"MUNICIPIO","150445",29887,27328,14888,12440,8672,15104,3552,4111,6873,1456
2015,"MUNICIPIO","150450",26397,24808,13227,11581,10968,11919,1921,5170,5539,872
2015,"MUNICIPIO","150460",29398,26731,13747,12984,9807,13305,3619,4800,6405,1779
2015,"MUNICIPIO","150470",77385,70018,36666,33352,25885,36234,7899,12746,17017,3589
2015,"MUNICIPIO","150475",15446,0,0,0,0,0,0,0,0,0
2015,"MUNICIPIO","150480",56312,55462,28508,26954,18554,28034,8874,9098,13556,4300
2015,"MUNICIPIO","150490",37977,34204,17906,16298,12353,17802,4049,6005,8412,1881
2015,"MUNICIPIO","150495",20663,20158,10643,9515,7717,10480,1961,3803,4883,829
2015,"MUNICIPIO","150497",15836,14645,7731,6914,4876,7557,2212,2381,3554,979
2015,"MUNICIPIO","150500",14635,13670,7082,6588,3803,7293,2574,1833,3478,1277
2015,"MUNICIPIO","150503",25135,25124,13435,11689,7722,14413,2989,3779,6761,1149
2015,"MUNICIPIO","150506",70835,62050,32748,29302,22154,32270,7626,10753,15367,3182
2015,"MUNICIPIO","150510",50459,49333,25563,23770,17427,24294,7612,8495,11581,3694
2015,"MUNICIPIO","150520",30880,28595,15017,13578,12047,13549,2999,5780,6423,1375
2015,"MUNICIPIO","150530",69024,62794,31756,31038,23174,31396,8224,11440,15635,3963
2015,"MUNICIPIO","150540",17114,16311,8443,7868,5340,8443,2528,2544,4049,1275
2015,"MUNICIPIO","150543",30776,27359,14270,13089,8647,16041,2671,4289,7644,1156
2015,"MUNICIPIO","150548",44778,39979,21599,18380,13909,20833,5237,6667,9588,2125
2015,"MUNICIPIO","150549",7424,7475,3879,3596,2390,3841,1244,1179,1826,591
2015,"MUNICIPIO","150550",107010,97819,49267,48552,32525,55494,9800,16112,27814,4626
2015,"MUNICIPIO","150553",189921,153908,77893,76015,47600,93128,13180,23635,46329,6051
2015,"MUNICIPIO","150555",5535,6033,3178,2855,1844,3223,966,897,1529,429
2015,"MUNICIPIO","150560",7874,7854,4039,3815,2294,4083,1477,1125,1986,704
2015,"MUNICIPIO","150563",12675,12697,6776,5921,4230,6717,1750,1996,3162,763
2015,"MUNICIPIO","150565",28533,23934,12568,11366,8353,12851,2730,4242,6009,1115
2015,"MUNICIPIO","150570",29160,25999,13379,12620,8814,13692,3493,4306,6653,1661
2015,"MUNICIPIO","150580",58282,52172,26818,25354,23352,23853,4967,11537,11496,2321
2015,"MUNICIPIO","150590",38471,33956,17612,16344,14481,16623,2852,7162,7900,1282
2015,"MUNICIPIO","150600",29200,29349,15516,13833,11659,14350,3340,5659,6668,1506
2015,"MUNICIPIO","150610",10485,10268,5300,4968,3181,5245,1842,1586,2477,905
2015,"MUNICIPIO","150611",13044,12411,6461,5950,4065,6373,1973,1943,3038,969
2015,"MUNICIPIO","150613",80797,75556,38016,37540,22473,42974,10109,11160,21527,4853
2015,"MUNICIPIO","150616",17738,17697,9161,8536,4920,9881,2896,2426,4783,1327
2015,"MUNICIPIO","150618",49977,46964,24274,22690,13805,26615,6544,6869,12772,3049
2015,"MUNICIPIO","150619",46804,40087,20875,19212,13720,21230,5137,6901,10104,2207
2015,"MUNICIPIO","150620",39078,37421,19096,18325,11564,20458,5399,5604,10019,2702
2015,"MUNICIPIO","150630",22370,20183,10292,9891,6348,10649,3186,3080,5201,1610
2015,"MUNICIPIO","150635",19645,17141,8755,8386,5355,9300,2486,2563,4634,1189
2015,"MUNICIPIO","150640",9417,8155,4142,4013,2435,4605,1115,1218,2260,535
2015,"MUNICIPIO","150650",66490,59466,31156,28310,16455,35010,8001,8027,16220,4063
2015,"MUNICIPIO","150655",19383,19424,9884,9540,6545,10089,2790,3203,4979,1358
2015,"MUNICIPIO","150658",19925,17206,9497,7709,5319,8873,3014,2594,3988,1127
2015,"MUNICIPIO","150660",23927,23026,11492,11534,6510,12782,3734,3237,6434,1863
2015,"MUNICIPIO","150670",67033,56153,29788,26365,17990,32118,6045,8744,15179,2442
2015,"MUNICIPIO","150680",292520,294580,145533,149047,92976,158197,43407,46145,80514,22388
2015,"MUNICIPIO","150690",6437,6141,3211,2930,2094,3118,929,1017,1464,449
2015,"MUNICIPIO","150700",29629,26674,13433,13241,8301,14201,4172,4097,7059,2085
2015,"MUNICIPIO","150710",17420,16891,8806,8085,5240,8783,2868,2547,4132,1406
2015,"MUNICIPIO","150715",24451,23130,11901,11229,7724,11836,3570,3813,5737,1679
2015,"MUNICIPIO","150720",30847,29846,15741,14105,11761,14371,3714,5628,6741,1736
2015,"MUNICIPIO","150730",116186,91340,48691,42649,27107,54949,9284,13207,25830,3612
2015,"MUNICIPIO","150740",15380,15060,7775,7285,4353,8047,2660,2134,3872,1279
2015,"MUNICIPIO","150745",24607,25587,13093,12494,8172,13565,3850,4064,6661,1769
2015,"MUNICIPIO","150746",5795,5265,2738,2527,1706,2626,933,850,1243,434
2015,"MUNICIPIO","150747",21991,20647,10760,9887,6712,10467,3468,3301,4921,1665
2015,"MUNICIPIO","150750",13521,13155,7149,6006,4552,6623,1980,2191,2962,853
2015,"MUNICIPIO","150760",55942,51567,26028,25539,17150,27268,7149,8498,13397,3644
2015,"MUNICIPIO","150770",25161,22904,11833,11071,8429,11763,2712,4191,5535,1345
2015,"MUNICIPIO","150775",5587,5047,2710,2337,1530,2849,668,750,1315,272
2015,"MUNICIPIO","150780",11827,13045,6995,6050,4908,6614,1523,2456,2988,606
2015,"MUNICIPIO","150790",24286,23001,11472,11529,7060,12200,3741,3479,6066,1984
2015,"MUNICIPIO","150795",97161,79297,40991,38306,27643,45307,6347,13347,22150,2809
2015,"MUNICIPIO","150796",11120,10262,5272,4990,3313,5286,1663,1621,2553,816
2015,"MUNICIPIO","150797",17946,16949,8776,8173,5773,8683,2493,2824,4132,1217
2015,"MUNICIPIO","150800",60456,56518,29323,27195,19722,29837,6959,9570,14393,3232
2015,"MUNICIPIO","150803",29465,27455,14328,13127,9444,13972,4039,4645,6569,1913
2015,"MUNICIPIO","150805",18084,16875,9146,7729,5520,9344,2011,2676,4238,815
2015,"MUNICIPIO","150808",37308,33690,17489,16201,10050,19347,4293,4963,9380,1858
2015,"MUNICIPIO","150810",107189,97128,48402,48726,31108,54592,11428,15583,27576,5567
2015,"MUNICIPIO","150812",53881,43341,22209,21132,14853,24523,3965,7374,12064,1694
2015,"MUNICIPIO","150815",44486,44789,23633,21156,14715,24627,5447,7223,11662,2271
2015,"MUNICIPIO","150820",51173,47889,24548,23341,14142,26124,7623,6902,12618,3821
2015,"MUNICIPIO","150830",59054,56716,29817,26899,22089,27342,7285,10736,12687,3476
2015,"MUNICIPIO","150835",14407,13431,7281,6150,4110,7579,1742,1933,3439,778
2015,"MUNICIPIO","150840",42833,40573,20572,20001,12129,22960,5484,6073,11368,2560
