"Ano.de.Referência","NIVEL","CODMUNRES","POPR_RA","POPR_RE"
2015,"MUNICIPIO",150010,23166,NA
2015,"MUNICIPIO",150013,7052,NA
2015,"MUNICIPIO",150020,12738,NA
2015,"MUNICIPIO",150030,4651,NA
2015,"MUNICIPIO",150034,NA,NA
2015,"MUNICIPIO",150040,9778,NA
2015,"MUNICIPIO",150050,NA,NA
2015,"MUNICIPIO",150060,15960,NA
2015,"MUNICIPIO",150070,1993,NA
2015,"MUNICIPIO",150080,145599,10576
2015,"MUNICIPIO",150085,NA,NA
2015,"MUNICIPIO",150090,2357,NA
2015,"MUNICIPIO",150095,NA,NA
2015,"MUNICIPIO",150100,NA,NA
2015,"MUNICIPIO",150110,NA,NA
2015,"MUNICIPIO",150120,32000,NA
2015,"MUNICIPIO",150125,NA,NA
2015,"MUNICIPIO",150130,24494,12000
2015,"MUNICIPIO",150140,1402645,184259
2015,"MUNICIPIO",150145,NA,NA
2015,"MUNICIPIO",150150,NA,NA
2015,"MUNICIPIO",150157,12074,NA
2015,"MUNICIPIO",150160,NA,NA
2015,"MUNICIPIO",150170,21106,NA
2015,"MUNICIPIO",150172,9677,NA
2015,"MUNICIPIO",150175,NA,NA
2015,"MUNICIPIO",150178,4631,NA
2015,"MUNICIPIO",150180,25817,NA
2015,"MUNICIPIO",150190,NA,NA
2015,"MUNICIPIO",150200,2609,NA
2015,"MUNICIPIO",150195,22000,NA
2015,"MUNICIPIO",150210,73216,NA
2015,"MUNICIPIO",150215,NA,NA
2015,"MUNICIPIO",150220,6808,NA
2015,"MUNICIPIO",150230,10475,NA
2015,"MUNICIPIO",150240,61720,85010
2015,"MUNICIPIO",150250,NA,NA
2015,"MUNICIPIO",150260,NA,NA
2015,"MUNICIPIO",150270,23175,NA
2015,"MUNICIPIO",150275,14835,NA
2015,"MUNICIPIO",150276,NA,NA
2015,"MUNICIPIO",150277,13494,NA
2015,"MUNICIPIO",150280,15843,NA
2015,"MUNICIPIO",150285,NA,NA
2015,"MUNICIPIO",150290,NA,NA
2015,"MUNICIPIO",150293,7548,NA
2015,"MUNICIPIO",150295,12662,NA
2015,"MUNICIPIO",150300,5302,NA
2015,"MUNICIPIO",150304,3400,100
2015,"MUNICIPIO",150307,18550,NA
2015,"MUNICIPIO",150309,NA,NA
2015,"MUNICIPIO",150310,NA,NA
2015,"MUNICIPIO",150320,NA,NA
2015,"MUNICIPIO",150330,9667,NA
2015,"MUNICIPIO",150340,2208,NA
2015,"MUNICIPIO",150345,NA,NA
2015,"MUNICIPIO",150350,NA,NA
2015,"MUNICIPIO",150360,6854,NA
2015,"MUNICIPIO",150370,1484,NA
2015,"MUNICIPIO",150375,4000,NA
2015,"MUNICIPIO",150380,13670,NA
2015,"MUNICIPIO",150390,NA,NA
2015,"MUNICIPIO",150400,5582,NA
2015,"MUNICIPIO",150405,NA,NA
2015,"MUNICIPIO",150410,4270,NA
2015,"MUNICIPIO",150420,84996,NA
2015,"MUNICIPIO",150430,5000,NA
2015,"MUNICIPIO",150440,10198,NA
2015,"MUNICIPIO",150442,17716,NA
2015,"MUNICIPIO",150445,NA,NA
2015,"MUNICIPIO",150450,4078,NA
2015,"MUNICIPIO",150460,11009,NA
2015,"MUNICIPIO",150470,5943,NA
2015,"MUNICIPIO",150475,NA,NA
2015,"MUNICIPIO",150480,9565,NA
2015,"MUNICIPIO",150490,NA,NA
2015,"MUNICIPIO",150495,NA,NA
2015,"MUNICIPIO",150497,NA,NA
2015,"MUNICIPIO",150500,2893,NA
2015,"MUNICIPIO",150503,18004,NA
2015,"MUNICIPIO",150506,2861,NA
2015,"MUNICIPIO",150510,16852,NA
2015,"MUNICIPIO",150520,4913,NA
2015,"MUNICIPIO",150530,60178,NA
2015,"MUNICIPIO",150540,1818,NA
2015,"MUNICIPIO",150543,30776,NA
2015,"MUNICIPIO",150548,21000,21000
2015,"MUNICIPIO",150549,NA,NA
2015,"MUNICIPIO",150550,82750,11670
2015,"MUNICIPIO",150553,NA,NA
2015,"MUNICIPIO",150555,NA,NA
2015,"MUNICIPIO",150560,1744,NA
2015,"MUNICIPIO",150563,NA,NA
2015,"MUNICIPIO",150565,NA,NA
2015,"MUNICIPIO",150570,9252,NA
2015,"MUNICIPIO",150580,1856,NA
2015,"MUNICIPIO",150590,NA,NA
2015,"MUNICIPIO",150600,7711,NA
2015,"MUNICIPIO",150610,NA,NA
2015,"MUNICIPIO",150611,NA,NA
2015,"MUNICIPIO",150613,35664,NA
2015,"MUNICIPIO",150616,NA,NA
2015,"MUNICIPIO",150618,NA,NA
2015,"MUNICIPIO",150619,45595,NA
2015,"MUNICIPIO",150620,28554,NA
2015,"MUNICIPIO",150630,5444,NA
2015,"MUNICIPIO",150635,11800,120
2015,"MUNICIPIO",150640,4200,200
2015,"MUNICIPIO",150650,NA,NA
2015,"MUNICIPIO",150655,1783,NA
2015,"MUNICIPIO",150658,1604,NA
2015,"MUNICIPIO",150660,9972,NA
2015,"MUNICIPIO",150670,14741,NA
2015,"MUNICIPIO",150680,140418,NA
2015,"MUNICIPIO",150690,NA,NA
2015,"MUNICIPIO",150700,NA,NA
2015,"MUNICIPIO",150710,3897,NA
2015,"MUNICIPIO",150715,24451,NA
2015,"MUNICIPIO",150720,NA,NA
2015,"MUNICIPIO",150730,2398,NA
2015,"MUNICIPIO",150740,5365,NA
2015,"MUNICIPIO",150745,15497,6748
2015,"MUNICIPIO",150746,5200,NA
2015,"MUNICIPIO",150747,NA,NA
2015,"MUNICIPIO",150750,2658,NA
2015,"MUNICIPIO",150760,38387,NA
2015,"MUNICIPIO",150770,NA,NA
2015,"MUNICIPIO",150775,NA,NA
2015,"MUNICIPIO",150780,6640,NA
2015,"MUNICIPIO",150790,18553,NA
2015,"MUNICIPIO",150795,14127,NA
2015,"MUNICIPIO",150796,NA,NA
2015,"MUNICIPIO",150797,15999,NA
2015,"MUNICIPIO",150800,45635,NA
2015,"MUNICIPIO",150803,3566,NA
2015,"MUNICIPIO",150805,3600,NA
2015,"MUNICIPIO",150808,27477,NA
2015,"MUNICIPIO",150810,95200,NA
2015,"MUNICIPIO",150812,33358,1
2015,"MUNICIPIO",150815,NA,NA
2015,"MUNICIPIO",150820,5325,NA
2015,"MUNICIPIO",150830,5334,NA
2015,"MUNICIPIO",150835,NA,NA
2015,"MUNICIPIO",150840,16869,NA
